[{"path":"\/admin\/common\/attachurl.php","checksum":"cf1acb2c20d781ea199feaa9fc9d48bc"},{"path":"\/admin\/common\/bootstrap.sys.inc.php","checksum":"cd295a69bd937bd300df145e27fb049d"},{"path":"\/admin\/common\/common.func.php","checksum":"05b74820f035122041220fe6b0434f4c"},{"path":"\/admin\/common\/template.func.php","checksum":"47316f8f2e7c65188d9da13d8adef7e6"},{"path":"\/admin\/index.php","checksum":"f735370fac209ce4f7ed9943828098d4"},{"path":"\/admin\/source\/site\/entry.ctrl.php","checksum":"f5b1d1d2183a23cf3b2feafba4cbdc1f"},{"path":"\/admin\/source\/user\/login.ctrl.php","checksum":"f9aaf36effa8b420f006fd09b72b4d63"},{"path":"\/admin\/source\/user\/logout.ctrl.php","checksum":"e1b37433f6d4e39436ae6c40b2fb0693"},{"path":"\/admin\/source\/utility\/__init.php","checksum":"221f9122c03c4212bed97e8e004202db"},{"path":"\/admin\/themes\/default\/common\/footer-base.html","checksum":"321ce2705a34828f9b5d993c100e8b2b"},{"path":"\/admin\/themes\/default\/common\/footer-cms.html","checksum":"62fa97e9bc35149414a517b614731d7d"},{"path":"\/admin\/themes\/default\/common\/footer-gw.html","checksum":"7be96e41f312738c4ade0d7037a159eb"},{"path":"\/admin\/themes\/default\/common\/footer.html","checksum":"acc3889ecf78a1f4923605214473fa49"},{"path":"\/admin\/themes\/default\/common\/header-base.html","checksum":"bbfff915cb525bdd9471671ffb67e1a1"},{"path":"\/admin\/themes\/default\/common\/header-cms.html","checksum":"7517903eef4b0075475b56afc3135397"},{"path":"\/admin\/themes\/default\/common\/header-gw.html","checksum":"9bfac8a98c0c7e6acb51398c23b6e44b"},{"path":"\/admin\/themes\/default\/common\/header.html","checksum":"e3a8caa9186541227a222544437b398e"},{"path":"\/admin\/themes\/default\/common\/message.html","checksum":"0bdc44ca6eb4f30694e0dacac846ea94"},{"path":"\/admin\/themes\/default\/user\/login.html","checksum":"c7e5ce19d05a2b36eba90f0875733bd3"},{"path":"\/cert\/WxPay.Api.php","checksum":"d86ca19cc0937878c6cf54e2d1ae2f0f"},{"path":"\/cert\/WxPay.Data.php","checksum":"79aca50e39926d51fbe50fa3f29575dc"},{"path":"\/cert\/WxPay.Exception.php","checksum":"3c91aa9d135f12a089646fbaab157ee0"},{"path":"\/cert\/WxPay.Notify.php","checksum":"c6d58a5bc01c1b14ef2bb2c878da408f"},{"path":"\/cert\/rootca.pem","checksum":"de1bea14ffdef01e41a0e8e4fa4c1b49"},{"path":"\/errorCode.php","checksum":"be9066ba8a4757f739ffcb868a8304df"},{"path":"\/icon.jpg","checksum":"e04207179968a9dea25821df46bcc509"},{"path":"\/inc\/func\/core.php","checksum":"73ae6912e781f7e590a4c8c12d25930d"},{"path":"\/inc\/upload\/tcsj.jpeg","checksum":"c686fa53d3f04932ac954267e5d15166"},{"path":"\/inc\/upload\/tcsj19.jpeg","checksum":"2cd8b1e71e9aec4fdcfe823c881c11c4"},{"path":"\/inc\/upload\/tcsj20.jpeg","checksum":"7ab6391682d71b3a1901edcc2fee5706"},{"path":"\/inc\/upload\/tcsj21.jpeg","checksum":"3931e02a86c324e4d81726c59ae7ea7f"},{"path":"\/inc\/upload\/tcsj32..jpeg","checksum":"c68b00ca680ad2515e82aa5c1203d100"},{"path":"\/inc\/upload\/tcsj32.jpeg","checksum":"e85518f58e153dd59ab2dea8cc50b751"},{"path":"\/inc\/upload\/tcsj33.jpeg","checksum":"664f67e46afcff3e6b8a6e5849c2ea7c"},{"path":"\/inc\/upload\/tcsj34.jpeg","checksum":"2edeea977b5c6bdd5154842da84fae8d"},{"path":"\/inc\/upload\/tcsj35.jpeg","checksum":"a0be030b37d5cdda76f837f897a175de"},{"path":"\/inc\/upload\/tcsj36.jpeg","checksum":"e8fe981d18e2e05b475ed7ccb989cb3e"},{"path":"\/inc\/upload\/tcsj37.jpeg","checksum":"a484aab6b894004ea7156faa548a4b83"},{"path":"\/inc\/upload\/tcsj39.jpeg","checksum":"2acc76228176af1fa6fd649fddaf74a1"},{"path":"\/inc\/upload\/tcsj41.jpeg","checksum":"3804bd2644f53afadd02608a42cb255a"},{"path":"\/inc\/upload\/tcsj44.jpeg","checksum":"a8fd230ad2b9c40fa4de20403ff6e18a"},{"path":"\/inc\/upload\/tcsj58.jpeg","checksum":"4bad943623a61e3a32f84b31dfdc7dbc"},{"path":"\/inc\/upload\/tcsj59.jpeg","checksum":"67437671f6e24fbfc262c8e1b4479e91"},{"path":"\/inc\/upload\/tcsj60.jpeg","checksum":"9127131808b37b4f3018792c898b245c"},{"path":"\/inc\/upload\/tcsj62.jpeg","checksum":"dbb8fdef4e1a020fd08a7a9fb4bf0e6a"},{"path":"\/inc\/upload\/tcsj63.jpeg","checksum":"207176ea4caab8439a2c332719e4f564"},{"path":"\/inc\/upload\/tcsj64.jpeg","checksum":"30b1c5dc6bd694932809baad6ab44370"},{"path":"\/inc\/upload\/tcsj65.jpeg","checksum":"1afd51a20e649ebd6656480fe3c5b382"},{"path":"\/inc\/upload\/tcsj66.jpeg","checksum":"69cf148391cecb7f0c9fc0ebb84dc1d1"},{"path":"\/inc\/upload\/tcsj68.jpeg","checksum":"c9cf247a585be5696ce088c8dcf3ff8d"},{"path":"\/inc\/upload\/tcsj70.jpeg","checksum":"acb94019ab22a1c5c827f1323313d053"},{"path":"\/inc\/upload\/tcsj71.jpeg","checksum":"79ad5b8aa9d51505fe5067d11255262e"},{"path":"\/inc\/upload\/tcsj72.jpeg","checksum":"17164ce53c37073618fd97f5eefe38ce"},{"path":"\/inc\/upload\/tcsj74.jpeg","checksum":"a537a56fbc645e6fbd8f85b1299d081e"},{"path":"\/inc\/upload\/tcsj75.jpeg","checksum":"ead79d1b766b8d5f4d09a6b9ee7fd87d"},{"path":"\/inc\/upload\/tcsj79.jpeg","checksum":"33e7523d4da78bf850102b30240538f9"},{"path":"\/inc\/upload\/tcsj80.jpeg","checksum":"00aeedf22cd23dd96ad20840a6c6df58"},{"path":"\/inc\/web\/account.inc.php","checksum":"29dff6e907084b287de0c46d5201f94c"},{"path":"\/inc\/web\/ad.inc.php","checksum":"14641c58d4f1828f22a71b15f82dbec0"},{"path":"\/inc\/web\/addaccount.inc.php","checksum":"d8ff1cdb57f5cf1f67638d505a763508"},{"path":"\/inc\/web\/addad.inc.php","checksum":"189b23966ae470d329111dcbadad2684"},{"path":"\/inc\/web\/addcoupon.inc.php","checksum":"915929d146557d444e7f79a431b58648"},{"path":"\/inc\/web\/addhotel.inc.php","checksum":"729a96bae6f65ae403b1358a8ae81e65"},{"path":"\/inc\/web\/addjfgoods.inc.php","checksum":"27192e4b11ab504e17d90d7ef48d69c8"},{"path":"\/inc\/web\/addjftype.inc.php","checksum":"61acb44efd1d5bffc10cca3b3f52df78"},{"path":"\/inc\/web\/addmemberlevel.inc.php","checksum":"1e8731ab1af24374bac141ae4b4078ca"},{"path":"\/inc\/web\/addnav.inc.php","checksum":"865399f24ba3c92819509a3a83b8147f"},{"path":"\/inc\/web\/addroom.inc.php","checksum":"30b0253202a2fb094eeb5257928e15dc"},{"path":"\/inc\/web\/assess.inc.php","checksum":"5a3b3e9a11594e1085b4db5783fe57c2"},{"path":"\/inc\/web\/assessinfo.inc.php","checksum":"935cdc20c38b0321dde3d278ac3c9c01"},{"path":"\/inc\/web\/auditorhotel.inc.php","checksum":"aa11c291aac6475be924cb012a32abb5"},{"path":"\/inc\/web\/auditorhotelinfo.inc.php","checksum":"f809e3216ff192a042694cdf9ae06815"},{"path":"\/inc\/web\/chongzhi.inc.php","checksum":"8a1e2621a9632b95e91c3fcc4b9ce186"},{"path":"\/inc\/web\/copyright.inc.php","checksum":"bd5466eb9f31dd508c6aa773e129b766"},{"path":"\/inc\/web\/coupon.inc.php","checksum":"5c6b75fe263b249284f817e28db0e470"},{"path":"\/inc\/web\/czjl.inc.php","checksum":"4d3ab7c74c08326a10d4166a76b5bf26"},{"path":"\/inc\/web\/demo.inc.php","checksum":"7684fc7bb1543277ee9e30359b4fbacc"},{"path":"\/inc\/web\/dhlist.inc.php","checksum":"6d5d35c4deb0e4c6a1c7fd71232a5d53"},{"path":"\/inc\/web\/dlaccount.inc.php","checksum":"96adbdb4378eb182432b7a2abfb1a1d1"},{"path":"\/inc\/web\/dladdaccount.inc.php","checksum":"7d300a0f43c69f9342a41415a7d59e19"},{"path":"\/inc\/web\/dladdroom.inc.php","checksum":"8e60c8a8ec787b23b339d1062bc2d039"},{"path":"\/inc\/web\/dlassess.inc.php","checksum":"a1c767e72dd241fb0aff772008e271a5"},{"path":"\/inc\/web\/dlassessinfo.inc.php","checksum":"fca2d4478a6988b66fa723ca5678a2f3"},{"path":"\/inc\/web\/dlhotel.inc.php","checksum":"1a151e556616b366fb9068ec52c19910"},{"path":"\/inc\/web\/dlinaddcoupon.inc.php","checksum":"eb4682dac117f45a32b674a0c1ca9ff3"},{"path":"\/inc\/web\/dlincoupon.inc.php","checksum":"1625f22e521f5326ca83780c34c59c55"},{"path":"\/inc\/web\/dlinlqlist.inc.php","checksum":"1b3538255a180cc6ff6a08a25be02fa9"},{"path":"\/inc\/web\/dlinorder.inc.php","checksum":"b23005fa27f3dd45f2240571333ef7b9"},{"path":"\/inc\/web\/dlinorderinfo.inc.php","checksum":"0904f55d4d9c91d7f418c902d302952d"},{"path":"\/inc\/web\/dlnotice.inc.php","checksum":"998d052658aaa35e26b6a4f982f21315"},{"path":"\/inc\/web\/dlnumber.inc.php","checksum":"9f77110520cae47b591f2f700bc9c532"},{"path":"\/inc\/web\/dlprice.inc.php","checksum":"826b9f2a4aede767544f2e1ac4350246"},{"path":"\/inc\/web\/dlprint.inc.php","checksum":"091e09e661621bd513f6197d76c759c2"},{"path":"\/inc\/web\/dlroom.inc.php","checksum":"efe8a3adb11517058ffdc33c458cda47"},{"path":"\/inc\/web\/dlstatistics.inc.php","checksum":"cab69f57234344ebf7f535a56d28e512"},{"path":"\/inc\/web\/dlstoreinfo.inc.php","checksum":"405933e87d759c546f84f4209fdbacf7"},{"path":"\/inc\/web\/dltxapply.inc.php","checksum":"15781f3fcb0eb39ee3b30bfa8d334d5a"},{"path":"\/inc\/web\/dltxdetails.inc.php","checksum":"933c916b9dbcd571699059b2907504ad"},{"path":"\/inc\/web\/editnumber.inc.php","checksum":"33f226d738830b277e27a4f5e7eacc86"},{"path":"\/inc\/web\/editprice.inc.php","checksum":"1f874d6ca4a6af0168b11b596c63a61b"},{"path":"\/inc\/web\/fxinfo.inc.php","checksum":"6579d7c91585f52b0568263cf9953cfe"},{"path":"\/inc\/web\/fxlist.inc.php","checksum":"2e716006cc6382d3fd1ee4c69fee60d6"},{"path":"\/inc\/web\/fxset.inc.php","checksum":"ae1a2b14cf368cd7725a30a15a75a32c"},{"path":"\/inc\/web\/fxtx.inc.php","checksum":"2f5422c25470984e7bc0ccacdbea1d23"},{"path":"\/inc\/web\/fxtxsz.inc.php","checksum":"9bf2451f6df2bb9f5cef6dfa44d5b3c6"},{"path":"\/inc\/web\/hdcheck.inc.php","checksum":"242fea5245f7279220b505192f424259"},{"path":"\/inc\/web\/hdpjlist.inc.php","checksum":"d2bb301ab7c80e6ce9f9a8077fc3c92b"},{"path":"\/inc\/web\/help.inc.php","checksum":"5a53f0639b7f86a66977cbffa0301cc1"},{"path":"\/inc\/web\/hotel.inc.php","checksum":"776695ae9cc5d2347c81777be863d071"},{"path":"\/inc\/web\/inaddcoupon.inc.php","checksum":"017f0ed18140188da53495ca81e0721d"},{"path":"\/inc\/web\/incoupon.inc.php","checksum":"8ba09d8b8c06c20dda9b128bc2595ff6"},{"path":"\/inc\/web\/index.inc.php","checksum":"182f3bf539621f144cb1b1b110279777"},{"path":"\/inc\/web\/inlqlist.inc.php","checksum":"c8f28c8dde66f54a1ad85bb0274822f6"},{"path":"\/inc\/web\/inorder.inc.php","checksum":"06269251cd461f71623c5e0b39cd7f49"},{"path":"\/inc\/web\/inorderinfo.inc.php","checksum":"45838de3d424db51adc5cdb122c4a725"},{"path":"\/inc\/web\/jfgoods.inc.php","checksum":"333d57febb32dd1e1b124a334bb73d1e"},{"path":"\/inc\/web\/jftype.inc.php","checksum":"4f649fe10b837310637a9b1f403ebd7d"},{"path":"\/inc\/web\/lqlist.inc.php","checksum":"2733425937f35bfc72526aac4fc6b8d8"},{"path":"\/inc\/web\/member.inc.php","checksum":"e7588035ad05dba00799c93241651e4a"},{"path":"\/inc\/web\/memberlevel.inc.php","checksum":"0ff8b64883b509347d4e484a87f6315a"},{"path":"\/inc\/web\/message.inc.php","checksum":"33ecc0f53e6b187384465772476bd15a"},{"path":"\/inc\/web\/messageinfo.inc.php","checksum":"c50abbf8e7f995ec9972bf5870caec41"},{"path":"\/inc\/web\/nav.inc.php","checksum":"2b7b389ca4d8b09703abd44ef5f30cbd"},{"path":"\/inc\/web\/news.inc.php","checksum":"9c2e41ba4ff79594d3c25b55692731e3"},{"path":"\/inc\/web\/notice.inc.php","checksum":"5cdb45f1216ec66992c2883c0328908a"},{"path":"\/inc\/web\/number.inc.php","checksum":"2ddc14c5da4916bd0486be1fd7b4904e"},{"path":"\/inc\/web\/order.inc.php","checksum":"914ddf0577cfe6eb42565820bc2704cc"},{"path":"\/inc\/web\/orderinfo.inc.php","checksum":"e78bac39fd3d87f1b64a4ef5ce9a3579"},{"path":"\/inc\/web\/pay.inc.php","checksum":"bd5182dc0bcc7f2f31e0feb1b08e7cad"},{"path":"\/inc\/web\/peiz.inc.php","checksum":"f1188e22b0943f202338063dd96799e0"},{"path":"\/inc\/web\/pjlist.inc.php","checksum":"53b3f2e14fec239f7d72b4c02a69538a"},{"path":"\/inc\/web\/plan.inc.php","checksum":"9009f8462f3a712d1d33f4c1eaa3c5cd"},{"path":"\/inc\/web\/price.inc.php","checksum":"04f5909edcebf82dad452933da5834a5"},{"path":"\/inc\/web\/print.inc.php","checksum":"2dacb3cc797d5c4c2fa9d740f935d606"},{"path":"\/inc\/web\/ptdata.inc.php","checksum":"96290ae45c2b8e0ce972ca753c517f44"},{"path":"\/inc\/web\/receivelist.inc.php","checksum":"751cc47945544a6685408a724faf1791"},{"path":"\/inc\/web\/recommend.inc.php","checksum":"846dec54d8ad5a350a6aad3bdbff3afa"},{"path":"\/inc\/web\/room.inc.php","checksum":"03a35b1a7bde581be72c3e1e66740b4b"},{"path":"\/inc\/web\/score.inc.php","checksum":"5ea4855899b05b10787a40ae66acdf42"},{"path":"\/inc\/web\/settings.inc.php","checksum":"4d4407ffb15a06cee6a8bad41d6e548a"},{"path":"\/inc\/web\/sms.inc.php","checksum":"9d5ffa97a21ef8b5947e40c002622bf2"},{"path":"\/inc\/web\/start.inc.php","checksum":"50a0fb7bcb618b318c6e8dfe2e322d06"},{"path":"\/inc\/web\/statistics.inc.php","checksum":"5786498dfdb5f32bff4a4ef048564e0d"},{"path":"\/inc\/web\/storeinfo.inc.php","checksum":"a4a24ca3633a53dd2efc776b57a326d1"},{"path":"\/inc\/web\/template.inc.php","checksum":"2cba28e3530d2b533d67ea003cfe8492"},{"path":"\/inc\/web\/test.inc.php","checksum":"e232537e72b04a78d0820ce609c7ac11"},{"path":"\/inc\/web\/txapply.inc.php","checksum":"371372ac005ff4f31a5236988bda69d5"},{"path":"\/inc\/web\/txdetails.inc.php","checksum":"7a755ac2d18c483a9c8454317438e5d4"},{"path":"\/inc\/web\/txlist.inc.php","checksum":"87557919f34d2ae184fc9d3407a80c00"},{"path":"\/inc\/web\/txset.inc.php","checksum":"9a494d64d76e53d47348838a14147270"},{"path":"\/inc\/web\/txsz.inc.php","checksum":"1835f96ed9e8e06c50215132bb7872fe"},{"path":"\/inc\/web\/user2.inc.php","checksum":"ff4b1712326667affd0b1f053300eb4d"},{"path":"\/insert.php","checksum":"45e4805e480baa76947e3a220383c07f"},{"path":"\/module.php","checksum":"9c08143ac8cd81427d1847748a4fb62f"},{"path":"\/payment\/wechat\/notify.php","checksum":"b6ffa5a501b87aeff6d3e9fc9821cd55"},{"path":"\/pkcs7Encoder.php","checksum":"808574bd2033559bc895dc7e67d13cb5"},{"path":"\/preview.jpg","checksum":"e04207179968a9dea25821df46bcc509"},{"path":"\/print\/HttpClient.class.php","checksum":"d9fcfb631723ee9bd95dcab466b02324"},{"path":"\/print\/dyj.php","checksum":"e2eb127ef87bf1bdb155a494f53c33f8"},{"path":"\/print\/print.class.php","checksum":"02161ef6dfd32d0293da3f0a151e4233"},{"path":"\/site.php","checksum":"ce7783ac53366c0697461e8c791b6e92"},{"path":"\/template\/images\/10.png","checksum":"baa8834b7d81118cf895e3330ef19cdd"},{"path":"\/template\/images\/11.png","checksum":"a419c4cbe38a6beae54977a5bebbba13"},{"path":"\/template\/images\/12.png","checksum":"ef0cad19134a82936d93546202218ae6"},{"path":"\/template\/images\/13.png","checksum":"4a809fcb0375b117efe8ee400ec28909"},{"path":"\/template\/images\/6.png","checksum":"547957d86835494e8417618c3a8bcc9d"},{"path":"\/template\/images\/7.png","checksum":"3a3a4d112b3519387b97bb6d9c2d8e49"},{"path":"\/template\/images\/8.png","checksum":"cf84cbb46248b0b7f48b37140a8c7548"},{"path":"\/template\/images\/9.png","checksum":"329ba127bb1fa534a1d37d172729743f"},{"path":"\/template\/images\/container_bg0.png","checksum":"d3dba0bf2f4356c5cc2e7d2547eb7f1d"},{"path":"\/template\/images\/cz.png","checksum":"dae072b96f33612404e5b1ff9d5496bc"},{"path":"\/template\/images\/duigoubai.png","checksum":"fb76ed221b53584525149234282a1d39"},{"path":"\/template\/images\/gkdata1.png","checksum":"d808c4a49598a0846844448f729c9d86"},{"path":"\/template\/images\/gkdata2.png","checksum":"3a01c6f82c888ec1babdfe0613c8d1dd"},{"path":"\/template\/images\/gkdata3.png","checksum":"fedfdd56c7f7f645aa523787e651a194"},{"path":"\/template\/images\/gkdata4.png","checksum":"3099fc3fa8b5ba6a44ab780fe80f73ed"},{"path":"\/template\/images\/gkdata5.png","checksum":"c97181589907d9ac046f8183888cb0c7"},{"path":"\/template\/images\/gkdata6.png","checksum":"51e3d3829b4a62b6661c73e8665b4742"},{"path":"\/template\/images\/gkdata7.png","checksum":"1f5ac8fc6adf33dd3610395cd20efd4e"},{"path":"\/template\/images\/htlogo.png","checksum":"43405b65ffc5eeda673138464922a395"},{"path":"\/template\/images\/icon.jpg","checksum":"72a5592a73a763dd2b73d206373b383f"},{"path":"\/template\/images\/login_icon.png","checksum":"664566caafa0028bbe2f2ef392be3076"},{"path":"\/template\/images\/seller_login_bg.jpg","checksum":"b80692ef359ac9baaf8963eb1095576f"},{"path":"\/template\/images\/stick.gif","checksum":"06216d9b99dca13744b113974b700bfd"},{"path":"\/template\/images\/text2audio.mp3","checksum":"90b137dacdd9527607709d01cdb90356"},{"path":"\/template\/images\/tk.png","checksum":"48cd9829aefeca09416a0706bc7c8baa"},{"path":"\/template\/images\/txt.png","checksum":"99e433cf8df305e8725f08f7b705e1d6"},{"path":"\/template\/images\/u11_state0.png","checksum":"53078966ea081ca5600c07837a3371f4"},{"path":"\/template\/images\/xingxing.png","checksum":"3f1c2f6bb80e504f9e7778291e4e188f"},{"path":"\/template\/images\/xinxi1.png","checksum":"4e7877740332700fbf15786e8495f6f6"},{"path":"\/template\/images\/xinxi2.png","checksum":"5358190cf9085f3e0b8bc49b5c54690b"},{"path":"\/template\/images\/xinxi3.png","checksum":"8e1f4e0354aa5052edd20cd0a286a77e"},{"path":"\/template\/images\/xinxi4.png","checksum":"74dd0e47588cc76afabc060b3c4208b6"},{"path":"\/template\/images\/ygrz.png","checksum":"14eee75777e80df3e4e2cd99eb1f30da"},{"path":"\/template\/public\/comhead.html","checksum":"777ff07f143cc9083f3130077461f163"},{"path":"\/template\/public\/common.html","checksum":"49548b7f828e70ecccef49a11b1d0488"},{"path":"\/template\/public\/footer-base.html","checksum":"bcdec5fe63abaf6c2054b890824cf8df"},{"path":"\/template\/public\/footer.html","checksum":"7a8c673dced142d4d427b00d7b0a22e3"},{"path":"\/template\/public\/header-base.html","checksum":"8bc0a6f224bd0b0b3aec93b000d1724d"},{"path":"\/template\/public\/header.html","checksum":"32a0a2ab505bc83afbeca04032f455f5"},{"path":"\/template\/public\/ygcss.css","checksum":"6cfbdd10daa60006bdaf89c22a0edc5a"},{"path":"\/template\/public\/ygcsslist.css","checksum":"b4709bfb40c3ca2e0113a8add6707890"},{"path":"\/template\/web\/account.html","checksum":"fba927fbf4b6379d3eb8e6eac50c6121"},{"path":"\/template\/web\/ad.html","checksum":"ae64baebf918a7cb402968e971a4c955"},{"path":"\/template\/web\/addaccount.html","checksum":"1212e457ae14fdfcfec7de4053683aec"},{"path":"\/template\/web\/addad.html","checksum":"d792591a01b60ca42440885113888609"},{"path":"\/template\/web\/addcoupon.html","checksum":"9badb18089fe6c85069e21e20c3cd64b"},{"path":"\/template\/web\/addenroll.html","checksum":"5b36564a575177770605fd1ef6026a7e"},{"path":"\/template\/web\/addhotel.html","checksum":"f443ca946297fba4e58b44fcbbb04bf0"},{"path":"\/template\/web\/addjfgoods.html","checksum":"490dcd7b887e5532cc6975430ca2e2a7"},{"path":"\/template\/web\/addjftype.html","checksum":"80e9f4cd0444bca7d5e51f96e6e5ae15"},{"path":"\/template\/web\/addmemberlevel.html","checksum":"fb75a9508d007dbc9393e7e4975429f3"},{"path":"\/template\/web\/addnav.html","checksum":"c0e83597544fe3d6bfb48c07ae8848d8"},{"path":"\/template\/web\/addroom.html","checksum":"0e7a6cddb038a5884c238a5550ded464"},{"path":"\/template\/web\/assess.html","checksum":"1ab3ac682a1bc3e4d1ac58262e6ed98b"},{"path":"\/template\/web\/assessinfo.html","checksum":"58c1d952624729cc18f430f69a40a501"},{"path":"\/template\/web\/auditorhotel.html","checksum":"ebbb2e777c08cc7afcbbe7ef89612bdf"},{"path":"\/template\/web\/auditorhotelinfo.html","checksum":"c8950395a81d1b386e58f2ec83157bab"},{"path":"\/template\/web\/chongzhi.html","checksum":"6615dbfdc9bfa2cce6bd5c57173fbb11"},{"path":"\/template\/web\/city.html","checksum":"bd2bd9ef9b8903573dfdffde0d076997"},{"path":"\/template\/web\/copyright.html","checksum":"a2d9e4b6fdcd8ab90d7b08ae4835ce64"},{"path":"\/template\/web\/coupon.html","checksum":"67a06e829b8563a4ecb17ddc98ff180c"},{"path":"\/template\/web\/czjl.html","checksum":"1fac7c4a2bf5d6382b5efc4d8dfe900f"},{"path":"\/template\/web\/dhlist.html","checksum":"1eb97a8446dfad67588ab4af7c51f4f6"},{"path":"\/template\/web\/dlaccount.html","checksum":"9810fee3c9c0ff59fae230d675e17527"},{"path":"\/template\/web\/dladdaccount.html","checksum":"b418734c7b898e94589b9bbbcb668620"},{"path":"\/template\/web\/dladdroom.html","checksum":"9727040cfe70d2f69de5e82d87398326"},{"path":"\/template\/web\/dlassess.html","checksum":"39e44f9410b3770b1a901c5a28cf2f3c"},{"path":"\/template\/web\/dlassessinfo.html","checksum":"43cf4ed2c30adf1d724dc8d742c1680d"},{"path":"\/template\/web\/dlhotel.html","checksum":"a43c7bf0362cd48ef3e0fbf11caf67d1"},{"path":"\/template\/web\/dlinaddcoupon.html","checksum":"7f835b1c85f51bfe9cd7fc0a084396a1"},{"path":"\/template\/web\/dlincoupon.html","checksum":"8b6bec962f967b76bfc70fa4e142d314"},{"path":"\/template\/web\/dlinlqlist.html","checksum":"7bfdb02aa2779b2792cda25cc3424ee9"},{"path":"\/template\/web\/dlinorder.html","checksum":"8c41565f5e03de23cad140f18918b04a"},{"path":"\/template\/web\/dlinorderinfo.html","checksum":"c739f4ed34e3d7a2a8b88436810a4121"},{"path":"\/template\/web\/dlnotice.html","checksum":"5dbde575cbd7a089cb159aa3c4472039"},{"path":"\/template\/web\/dlnumber.html","checksum":"b1656aa0d31f001458fe0f64eaa31f26"},{"path":"\/template\/web\/dlprice.html","checksum":"ad0a97cd3a02233cacef3aa2af2eebb3"},{"path":"\/template\/web\/dlprint.html","checksum":"c0780385484743458d73ac22c13e078e"},{"path":"\/template\/web\/dlroom.html","checksum":"1e9d35cfbd7dc32f30287f53232799f2"},{"path":"\/template\/web\/dlstatistics.html","checksum":"8fda8c6efc80ea0aca9a46bb8f2e3d8c"},{"path":"\/template\/web\/dlstoreinfo.html","checksum":"37b70c176e0c14eae21fd1dccdc8eb4c"},{"path":"\/template\/web\/dltxapply.html","checksum":"44c5cde545b0727edead966d6964c207"},{"path":"\/template\/web\/dltxdetails.html","checksum":"d3f7c69821eb1a02c453f2be6a42583d"},{"path":"\/template\/web\/fxinfo.html","checksum":"f69797ac53b3896858b75045264588fc"},{"path":"\/template\/web\/fxlist.html","checksum":"b1de18bfdc7a1a83ca6eae7da01cfc5d"},{"path":"\/template\/web\/fxset.html","checksum":"6b6e1974188c39fbe8983f78af98eeaa"},{"path":"\/template\/web\/fxtx.html","checksum":"f51a29188bd9a1c27d4d700b45003405"},{"path":"\/template\/web\/fxtxsz.html","checksum":"4b481ba877e6a23203879dcdbaa94a6b"},{"path":"\/template\/web\/hotel.html","checksum":"5026d6dc63c7a58b94f197d0a4add988"},{"path":"\/template\/web\/inaddcoupon.html","checksum":"6b0726cc0680ddb73bc04bbea62a49db"},{"path":"\/template\/web\/incoupon.html","checksum":"6d8122f64ed7904cfb4ef359e85d73bc"},{"path":"\/template\/web\/index.html","checksum":"1701904ba3ff48e543f84e918a39164b"},{"path":"\/template\/web\/inlqlist.html","checksum":"2c1e59f00951165e27b557f805b0f60e"},{"path":"\/template\/web\/inorder.html","checksum":"aeafe8d477cd0cae9ec746542f8e4fbe"},{"path":"\/template\/web\/inorderinfo.html","checksum":"9c54bb1d958ccccd0234b4cb1a527552"},{"path":"\/template\/web\/jfgoods.html","checksum":"80829e5cab2fb5dd32a5795233e84061"},{"path":"\/template\/web\/jftype.html","checksum":"cebc7ac83336dc36fabec7bcebba919c"},{"path":"\/template\/web\/lqlist.html","checksum":"697ff260e4716d7c0d31d9e9ba892bb9"},{"path":"\/template\/web\/member.html","checksum":"f6fd703075d154f7064344f3bf250551"},{"path":"\/template\/web\/memberlevel.html","checksum":"33bec43f1875918f30efd6883ed135fc"},{"path":"\/template\/web\/message.html","checksum":"7acb72c1aea4ff4dab8b13152e16c6cb"},{"path":"\/template\/web\/messageinfo.html","checksum":"6693286407e1df19498cd718ac6b8756"},{"path":"\/template\/web\/nav.html","checksum":"835623fce4d26741d5678e85c7350fdd"},{"path":"\/template\/web\/news.html","checksum":"c40098af4721ff7537f337833314f42c"},{"path":"\/template\/web\/notice.html","checksum":"24ba9665b1d85d250acd6b41492d0562"},{"path":"\/template\/web\/number.html","checksum":"c44bbb70b3ab5ca69c305076d9d42d38"},{"path":"\/template\/web\/order.html","checksum":"17ef6bd1bebf2cf0b33e984d8ba6bb26"},{"path":"\/template\/web\/orderinfo.html","checksum":"7f543b58b65b7a4e67c60c43617d1fb1"},{"path":"\/template\/web\/pay.html","checksum":"c1a138b190f766d9a75bec603acdaa31"},{"path":"\/template\/web\/peiz.html","checksum":"69dd1a6a9ae9fd7ef65c35364065650d"},{"path":"\/template\/web\/price.html","checksum":"750e59f5fb5c577b797deb2d9e5a53ae"},{"path":"\/template\/web\/print.html","checksum":"7bbf30d142597341efaaf77150726e01"},{"path":"\/template\/web\/ptdata.html","checksum":"7fbffc5400ff024959a13732eb7f6598"},{"path":"\/template\/web\/receivelist.html","checksum":"cf92926fd1eaac9f0ce5e64ff32dad50"},{"path":"\/template\/web\/room.html","checksum":"e25271f01b950a2a82276b56725958c2"},{"path":"\/template\/web\/roomnumlist.html","checksum":"c21ca8427431cd448af2d676f78b873f"},{"path":"\/template\/web\/roompricelist.html","checksum":"d817a303c80ff1dad33786f2400b6ef6"},{"path":"\/template\/web\/score.html","checksum":"cc7d69fb54b021a6c69c165922680748"},{"path":"\/template\/web\/settings.html","checksum":"5477f4738101dbd4d8362b6146903ad4"},{"path":"\/template\/web\/sms.html","checksum":"42d6f2ea657984b6f817a85e0c033e1d"},{"path":"\/template\/web\/statistics.html","checksum":"04b28638640aa80266503449c8cedb04"},{"path":"\/template\/web\/storeinfo.html","checksum":"3910f5503b8497fb86070fbdb21e027b"},{"path":"\/template\/web\/tag.html","checksum":"71a2ff6dafb6b7355aa9b0e4ce2e7e23"},{"path":"\/template\/web\/template.html","checksum":"1a101df79c71d172be4e9227116ff474"},{"path":"\/template\/web\/txapply.html","checksum":"e6d31284ee20e4f4cbb13dcec4f68faa"},{"path":"\/template\/web\/txdetails.html","checksum":"3c8dc97204215fe2daf749c204b94165"},{"path":"\/template\/web\/txlist.html","checksum":"46e0a0ddf4d8c2fa31bd2848723f3c89"},{"path":"\/template\/web\/txset.html","checksum":"492300e82027f9dc2e5699ce6fb7f063"},{"path":"\/template\/web\/txsz.html","checksum":"31e88e286e7d4d0539e3e125d2dfe74f"},{"path":"\/template\/web\/user2.html","checksum":"ca9ec2e9ed38fa5017d7a60d1705e8ca"},{"path":"\/template\/web\/ygquan.html","checksum":"dd4f31bb704721b6753ca08804382dae"},{"path":"\/template\/web\/yjtx.html","checksum":"d5b61be3a232192d149f88fac994cb2f"},{"path":"\/update.php","checksum":"cecfe2070cc8c391e8211ef87e6b9999"},{"path":"\/wxBizDataCrypt.php","checksum":"b1bce79b8a66be27e2434f1cc13f39b7"},{"path":"\/wxapp.php","checksum":"e0b04dd4ec906b379753055433d00c31"},{"path":"\/wxpay.php","checksum":"de6ab828e5ece0ec31fe8be6f2765e42"}]